#,TEAM_NAME,W,L,PCT,GB,GP,Playoffs,Conference,TEAM_ID
1,Philadelphia 76ers,24,12,.667,0.0,36,Playoff Team,East,1610612755
2,Brooklyn Nets,24,13,.649,0.5,37,Playoff Team,East,1610612751
3,Milwaukee Bucks,22,14,.611,2.0,36,Playoff Team,East,1610612749
4,Boston Celtics,19,17,.528,5.0,36,Playoff Team,East,1610612738
5,New York Knicks,19,18,.514,5.5,37,Playoff Team,East,1610612752
6,Miami Heat,18,18,.500,6.0,36,Playoff Team,East,1610612748
7,Charlotte Hornets,17,18,.486,6.5,35,Play-in Team,East,1610612766
8,Toronto Raptors,17,19,.472,7.0,36,Play-in Team,East,1610612761
9,Chicago Bulls,16,18,.471,7.0,34,Play-in Team,East,1610612741
10,Indiana Pacers,16,19,.457,7.5,35,Play-in Team,East,1610612754
11,Atlanta Hawks,16,20,.444,8.0,36,Not Playoff Team,East,1610612737
12,Washington Wizards,14,20,.412,9.0,34,Not Playoff Team,East,1610612764
13,Cleveland Cavaliers,14,22,.389,10.0,36,Not Playoff Team,East,1610612739
14,Orlando Magic,13,23,.361,11.0,36,Not Playoff Team,East,1610612753
15,Detroit Pistons,10,26,.278,14.0,36,Not Playoff Team,East,1610612765
1,Utah Jazz,27,9,.750,0.0,36,Playoff Team,West,1610612762
2,Phoenix Suns,24,11,.686,2.5,35,Playoff Team,West,1610612756
3,Los Angeles Lakers,24,13,.649,3.5,37,Playoff Team,West,1610612747
4,Los Angeles Clippers,24,14,.632,4.0,38,Playoff Team,West,1610612746
5,Portland Trail Blazers,21,14,.600,5.5,35,Playoff Team,West,1610612757
6,Denver Nuggets,21,15,.583,6.0,36,Playoff Team,West,1610612743
7,San Antonio Spurs,18,14,.563,7.0,32,Play-in Team,West,1610612759
8,Dallas Mavericks,18,16,.529,8.0,34,Play-in Team,West,1610612742
9,Golden State Warriors,19,18,.514,8.5,37,Play-in Team,West,1610612744
10,Memphis Grizzlies,16,16,.500,9.0,32,Play-in Team,West,1610612763
11,New Orleans Pelicans,15,21,.417,12.0,36,Not Playoff Team,West,1610612740
12,Oklahoma City Thunder,15,21,.417,12.0,36,Not Playoff Team,West,1610612760
13,Sacramento Kings,14,22,.389,13.0,36,Not Playoff Team,West,1610612758
14,Houston Rockets,11,23,.324,15.0,34,Not Playoff Team,West,1610612745
15,Minnesota Timberwolves,7,29,.194,20.0,36,Not Playoff Team,West,1610612750
